{"purePursuit/pp10path1": [5.638632316341946, 14.51712848555502, 15.57373410152519, 42.399], "purePursuit/pp20path1": [-0.36259446683178165, 7.727390767361817, 7.735893149396886, 17.149], "purePursuit/pp26path1": [0.11492109290703685, 5.5438136709083885, 5.54500467766671, 14.649], "purePursuit/pp28path1": [0.07264697065553993, 3.8182004154688753, 3.818891461541179, 13.899], "purePursuit/pp29path1": [0.6021559366098446, 3.6889879352350046, 3.737810021697719, 13.698], "purePursuit/pp29path2": [-0.9269927193056775, 3.8248403492058736, 3.9355710130245445, 11.899], "purePursuit/pp29path3": [2.3785596541402847, 6.794383029382764, 7.198693407714241, 11.549], "purePursuit/pp30path1": [1.287025952797458, 3.6372354596329113, 3.8582272602822716, 13.448], "purePursuit/pp31path1": [0.9464554646737436, 3.805162770989908, 3.9211020976682547, 13.498], "purePursuit/pp32path1": [1.6361741796331375, 3.848047835742042, 4.181451672835307, 13.249], "purePursuit/pp34path1": [1.7278589066806354, 3.9929827368294926, 4.350793897441472, 13.099], "purePursuit/pp40path1": [1.7882373861908696, 3.795439067172218, 4.195610880668973, 12.949], "purePursuit/pp50path1": [1.9642218327605403, 4.685844679403024, 5.080876673152263, 12.649], "purePursuit/pp60path1": [1.8582000170914887, 6.9553642361058685, 7.1993054498624645, 12.499], "purePursuitA1/ppa1.10path1": [1.2959110178914295, 11.361811048614905, 11.43547706353872, 20.144], "purePursuitA1/ppa1.16path1": [-0.03549700125545061, 7.001050888270808, 7.0011408768325465, 15.895], "purePursuitA1/ppa1.18path1": [-0.2782924921699043, 7.693617734257254, 7.698649268025909, 15.695], "purePursuitA1/ppa1.20path1": [-0.1444030328362714, 6.5194991345719515, 6.521098159173555, 15.045], "purePursuitA1/ppa1.22path1": [0.06403026978820842, 6.370726914277277, 6.371048680691902, 14.545], "purePursuitA1/ppa1.24path1": [0.6889460400606688, 5.158416386825423, 5.204220043962815, 14.045], "purePursuitA1/ppa1.26path1": [1.0795857513853147, 4.220143290364598, 4.3560434784106015, 13.645], "purePursuitA1/ppa1.27path1": [0.5630636976580964, 4.3170505537512955, 4.353615303545408, 13.895], "purePursuitA1/ppa1.28path1": [1.00288286749073, 3.8967254978944657, 4.023710184872576, 13.445], "purePursuitA1/ppa1.28path2": [-0.9353614127718464, 3.005475956041756, 3.1476636883326106, 11.695], "purePursuitA1/ppa1.28path3": [4.483056377471586, 7.513501365187792, 8.74931410158919, 11.394], "purePursuitA1/ppa1.29path1": [0.7165053609660097, 4.031299034541287, 4.094478213177662, 13.543], "purePursuitA1/ppa1.30path1": [1.5109357524723863, 4.059032456983007, 4.331128182695683, 13.344], "purePursuitA1/ppa1.40path1": [1.7286226229420036, 3.9633264947416844, 4.323897903104131, 12.944], "purePursuitA1/ppa1.50path1": [1.5829697784925632, 6.229840553096155, 6.427807296164236, 12.895], "purePursuitA2/ppa2.1.44path1": [2.0825087340710136, 4.222312208299287, 4.707946793649569, 12.792], "purePursuitA2/ppa2.2.44path1": [1.6690054039898314, 3.525037876547444, 3.9001885941120045, 13.143], "purePursuitA2/ppa2.3.44path1": [1.5134673466410593, 3.15078027009921, 3.495425542018479, 13.342], "purePursuitA2/ppa2.3.46path1": [1.8934636453045866, 3.483613347658019, 3.9649421852116893, 13.343], "purePursuitA2/ppa2.3.48path1": [1.1610958923051113, 3.797614000980788, 3.9711479161034924, 13.493], "purePursuitA2/ppa2.4.42path1": [2.525558266918986, 5.118980498580811, 5.708100025792599, 13.643], "purePursuitA2/ppa2.4.43path1": [1.9706886126741736, 3.980010588116828, 4.441182037436174, 13.593], "purePursuitA2/ppa2.4.44path1": [0.891518761350994, 3.0708154193511, 3.1976105206177445, 13.543], "purePursuitA2/ppa2.4.44path2": [-0.5026675809563599, 3.0179265736562373, 3.0595024923874456, 11.691], "purePursuitA2/ppa2.4.44path3": [3.121472957118497, 6.06716529423081, 6.823055629960885, 11.391], "purePursuitA2/ppa2.4.45path1": [1.7723167337585193, 3.131478638607041, 3.5982308248377666, 13.392], "purePursuitA2/ppa2.4.46path1": [1.8053904585079135, 3.695194269897446, 4.1126506537699425, 13.492], "purePursuitA2/ppa2.4.48path1": [1.2572572376065418, 3.2801885559982584, 3.512880972138961, 13.542], "purePursuitA2/ppa2.4.50path1": [0.8899925021721081, 3.484907860065902, 3.596758185793378, 13.342], "purePursuitA2/ppa2.5.20path1": [0.4786290719392577, 9.274802261893145, 9.287143952029796, 21.343], "purePursuitA2/ppa2.5.30path1": [0.0630034872213858, 6.783002692767795, 6.783295288390239, 15.89], "purePursuitA2/ppa2.5.36path1": [0.7861695734456927, 6.327232253870246, 6.375886651488384, 14.742], "purePursuitA2/ppa2.5.38path1": [1.1623642082370802, 5.726923675647663, 5.84369278276026, 14.543], "purePursuitA2/ppa2.5.40path1": [2.089110446477614, 6.27219866600564, 6.610965025124911, 14.193], "purePursuitA2/ppa2.5.42path1": [2.119802511728204, 4.121597837173982, 4.634774149850934, 13.693], "purePursuitA2/ppa2.5.44path1": [1.9980796931240867, 3.811039863505875, 4.303062549081262, 13.643], "purePursuitA2/ppa2.5.46path1": [1.878208176744286, 4.45172576793333, 4.831721046177096, 13.742], "purePursuitA2/ppa2.5.48path1": [1.6499556340996995, 3.396412953655851, 3.7759733243573907, 13.543], "purePursuitA2/ppa2.5.50path1": [1.9218839429983916, 3.7601946837096842, 4.222878396278256, 13.492], "purePursuitA2/ppa2.6.44path1": [2.074745444185631, 4.579274664380799, 5.027357666807576, 13.792], "purePursuitA2/ppa2.6.46path1": [1.5636776656102986, 4.559812649006166, 4.820475001072519, 13.793], "purePursuitA2/ppa2.6.48path1": [1.6165441650860084, 3.5913669349843813, 3.9384173851145756, 13.642], "followTheCarrot/ftc10.20path1": [-0.6188795139428275, 7.631711062936692, 7.656763389378596, 16.749], "followTheCarrot/ftc10.30path1": [0.3861449898027042, 4.755761177683372, 4.771411985179027, 13.749], "followTheCarrot/ftc10.40path1": [2.021519487728406, 8.123221563980378, 8.370977817243427, 12.198], "followTheCarrot/ftc2.20path1": [-2.404450903256712, 13.282384616913454, 13.498263786790922, 15.799], "followTheCarrot/ftc2.30path1": [-3.100279943740502, 13.796198082631523, 14.140255205079058, 15.649], "followTheCarrot/ftc2.40path1": [-3.014322707029967, 13.4670859941695, 13.800309654369094, 14.849], "followTheCarrot/ftc4.30path1": [-0.00234698816773202, 5.176106054305816, 5.176106586400127, 14.349], "followTheCarrot/ftc5.20path1": [-0.3660548196616438, 5.288183128470682, 5.300837380191877, 14.349], "followTheCarrot/ftc5.23path1": [-0.15887993476596432, 4.780791513250449, 4.783430811336018, 14.599], "followTheCarrot/ftc5.25path1": [-0.07099883867913803, 4.34122615582579, 4.341806694351989, 14.349], "followTheCarrot/ftc5.28path1": [0.06690301096426865, 3.71189172683535, 3.712494606679558, 14.149], "followTheCarrot/ftc5.30path1": [0.39052054268617914, 3.210241872837382, 3.233907725396377, 13.799], "followTheCarrot/ftc5.30path2": [-0.9753050650896922, 2.3865339244446484, 2.5781319094481536, 12.049], "followTheCarrot/ftc5.30path3": [1.9273675273493613, 6.073787707150688, 6.372255699280719, 12.199], "followTheCarrot/ftc5.33path1": [0.7044146524331056, 3.434167900568478, 3.5056681491346784, 13.699], "followTheCarrot/ftc5.35path1": [1.2156091303436747, 3.7200744702008293, 3.913650421488216, 13.449], "followTheCarrot/ftc5.40path1": [1.9145158068156416, 4.5016575794338065, 4.8918597421656305, 12.649], "followTheCarrot/ftc6.30path1": [0.3799475024152991, 3.88884111905212, 3.9073578481913027, 13.849], "followThePast/ftp10.10path1": [0.41303647721457704, 12.88473846323076, 12.891356964934609, 31.149], "followThePast/ftp10.15path1": [-0.8971567760827639, 9.90872935747475, 9.949261669116616, 22.249], "followThePast/ftp10.20path1": [-2.18981707618989, 8.425661924006436, 8.705577389514417, 19.548], "followThePast/ftp10.25path1": [-2.497862907047616, 8.077672546410968, 8.45506433266157, 18.148], "followThePast/ftp10.30path1": [-3.517982398791551, 7.786559941881965, 8.544396753822237, 17.399], "followThePast/ftp15.10path1": [-0.8425457235378976, 13.65857565284422, 13.684537703580672, 25.248],