{
  "purePursuit/pp20path1": [
    -0.23032473792484193,
    5.350355295511019,
    5.355310567381031,
    14.499
  ],
  "purePursuit/pp10path1": [
    0.9433205232080777,
    16.20633748549303,
    16.23376814862163,
    38.149
  ],
  "purePursuit/pp26path1": [
    -0.45024976874363976,
    5.187536019634896,
    5.207038967519176,
    14.399
  ],
  "purePursuit/pp28path1": [
    -0.8355893471313829,
    4.640443265275962,
    4.715074045578127,
    14.299
  ],
  "purePursuit/pp29path1": [
    -0.3536409226317023,
    3.9659309143298547,
    3.9816667263091015,
    14.049
  ],
  "purePursuit/pp29path2": [
    -2.396384461247963,
    4.845194246263682,
    5.405420036420608,
    12.048
  ],
  "purePursuit/pp29path3": [
    2.335853469902509,
    9.426157915123802,
    9.711264823580228,
    12.349
  ],
  "purePursuit/pp30path1": [
    -0.5466465570941593,
    4.564459770598008,
    4.597076838142964,
    13.798
  ],
  "purePursuit/pp32path1": [
    -0.5705962075038591,
    6.40388715894996,
    6.429257404753832,
    14.499
  ],
  "purePursuit/pp34path1": [
    -0.4290788496807999,
    4.402697481049824,
    4.42355668765371,
    13.949
  ],
  "purePursuit/pp36path1": [
    -0.3451465219976967,
    4.669511002608031,
    4.682249365969796,
    13.899
  ],
  "purePursuit/pp40path1": [
    -0.34574024035803747,
    6.814077063643976,
    6.8228427025017755,
    13.649
  ],
  "purePursuit/pp50path1": [
    -0.01383232899566846,
    9.642378024253317,
    9.64238794572842,
    13.549
  ],
  "purePursuit/pp60path1": [
    -2.23354344952946,
    15.781189435142913,
    15.938464679159102,
    13.549
  ]
}
