{"purePursuit/pp10path1": [5.638632316341946, 14.51712848555502, 15.57373410152519, 42.399], "purePursuit/pp20path1": [-0.36259446683178165, 7.727390767361817, 7.735893149396886, 17.149], "purePursuit/pp26path1": [0.11492109290703685, 5.5438136709083885, 5.54500467766671, 14.649], "purePursuit/pp28path1": [0.07264697065553993, 3.8182004154688753, 3.818891461541179, 13.899], "purePursuit/pp30path1": [1.287025952797458, 3.6372354596329113, 3.8582272602822716, 13.448], "purePursuit/pp32path1": [1.6361741796331375, 3.848047835742042, 4.181451672835307, 13.249], "purePursuit/pp34path1": [1.7278589066806354, 3.9929827368294926, 4.350793897441472, 13.099], "purePursuit/pp40path1": [1.7882373861908696, 3.795439067172218, 4.195610880668973, 12.949], "purePursuit/pp50path1": [1.9642218327605403, 4.685844679403024, 5.080876673152263, 12.649], "purePursuit/pp60path1": [1.8582000170914887, 6.9553642361058685, 7.1993054498624645, 12.499], "purePursuit/pp29path1": [0.6021559366098446, 3.6889879352350046, 3.737810021697719, 13.698], "purePursuit/pp31path1": [0.9464554646737436, 3.805162770989908, 3.9211020976682547, 13.498], "followTheCarrot/ftc10.20path1": [-0.6188795139428275, 7.631711062936692, 7.656763389378596, 16.749], "followTheCarrot/ftc10.30path1": [0.3861449898027042, 4.755761177683372, 4.771411985179027, 13.749], "followTheCarrot/ftc10.40path1": [2.021519487728406, 8.123221563980378, 8.370977817243427, 12.198], "followTheCarrot/ftc2.20path1": [-2.404450903256712, 13.282384616913454, 13.498263786790922, 15.799], "followTheCarrot/ftc2.30path1": [-3.100279943740502, 13.796198082631523, 14.140255205079058, 15.649], "followTheCarrot/ftc2.40path1": [-3.014322707029967, 13.4670859941695, 13.800309654369094, 14.849], "followTheCarrot/ftc4.30path1": [-0.00234698816773202, 5.176106054305816, 5.176106586400127, 14.349], "followTheCarrot/ftc5.20path1": [-0.3660548196616438, 5.288183128470682, 5.300837380191877, 14.349], "followTheCarrot/ftc5.23path1": [-0.15887993476596432, 4.780791513250449, 4.783430811336018, 14.599], "followTheCarrot/ftc5.25path1": [-0.07099883867913803, 4.34122615582579, 4.341806694351989, 14.349], "followTheCarrot/ftc5.28path1": [0.06690301096426865, 3.71189172683535, 3.712494606679558, 14.149], "followTheCarrot/ftc5.30path1": [0.39052054268617914, 3.210241872837382, 3.233907725396377, 13.799], "followTheCarrot/ftc5.30path2": [-1.0916604199263726, 3.371942799330729, 3.544251784847146, 12.049], "followTheCarrot/ftc5.30path3": [1.9273675273493613, 6.073787707150688, 6.372255699280719, 12.199], "followTheCarrot/ftc5.33path1": [0.7044146524331056, 3.434167900568478, 3.5056681491346784, 13.699], "followTheCarrot/ftc5.35path1": [1.2156091303436747, 3.7200744702008293, 3.913650421488216, 13.449], "followTheCarrot/ftc5.40path1": [1.9145158068156416, 4.5016575794338065, 4.8918597421656305, 12.649], "followTheCarrot/ftc6.30path1": [0.3799475024152991, 3.88884111905212, 3.9073578481913027, 13.849]}